Workbook

Sheet Sheet1
A1: Nama | B1: Noreg
A2: EL | B2: 2437740
A3: AAN SYAH MAHESA | B3: 2537963
A4: ABDUL BASIT | B4: 9507747
A5: ABDUL KARIM | B5: 1730156
A6: ABIMANYU REZKI ALFIAN FATH | B6: 2335928
A7: ACHMAD FAHRUL | B7: 212857
A8: ADE CAHYONO SAPUTRA | B8: 2436681
A9: ADE KURNIAWAN | B9: 2335779
A10: ADI SETIAJI | B10: 2436717
A11: ADRIAN ROMADONI | B11: 2538829
A12: AFAN MUIS | B12: 2538556
A13: AFIF SAEFUL WALYUDIN | B13: 2437869
... A181: ZAENAL KANAFI | B181: 212694

Sheet Sheet2
A1: Nama | B1: Noreg | C1: status
A2: MOH. ELI NURWANTO | B2: 2437740 | C2: =IF(COUNTIF(Sheet1!B:B,B2)=0,"Data Baru","Sudah Ada") -> Sudah Ada
A3: AAN SYAH MAHESA | B3: 2537963 | C3: =IF(COUNTIF(Sheet1!B:B,B3)=0,"Data Baru","Sudah Ada") -> Sudah Ada
A4: ABDUL BASIT | B4: 9507747 | C4: =IF(COUNTIF(Sheet1!B:B,B4)=0,"Data Baru","Sudah Ada") -> Sudah Ada
A5: ABDUL KARIM | B5: 1730156 | C5: =IF(COUNTIF(Sheet1!B:B,B5)=0,"Data Baru","Sudah Ada") -> Sudah Ada
A6: ABIMANYU REZKI ALFIAN FATH | B6: 2335928 | C6: =IF(COUNTIF(Sheet1!B:B,B6)=0,"Data Baru","Sudah Ada") -> Sudah Ada
A7: ACHMAD FAHRUL | B7: 212857 | C7: =IF(COUNTIF(Sheet1!B:B,B7)=0,"Data Baru","Sudah Ada") -> Sudah Ada
A8: ACHMAD RAIHAN ALI | B8: 2437264 | C8: =IF(COUNTIF(Sheet1!B:B,B8)=0,"Data Baru","Sudah Ada") -> Sudah Ada
A9: ADE CAHYONO SAPUTRA | B9: 2436681 | C9: =IF(COUNTIF(Sheet1!B:B,B9)=0,"Data Baru","Sudah Ada") -> Sudah Ada
A10: ADE KURNIAWAN | B10: 2335779 | C10: =IF(COUNTIF(Sheet1!B:B,B10)=0,"Data Baru","Sudah Ada") -> Sudah Ada
A11: ADHIPUTRA BANGUN PRAKARSA | B11: 1223195 | C11: =IF(COUNTIF(Sheet1!B:B,B11)=0,"Data Baru","Sudah Ada") -> Sudah Ada
A12: ADI SETIAJI | B12: 2436717 | C12: =IF(COUNTIF(Sheet1!B:B,B12)=0,"Data Baru","Sudah Ada") -> Sudah Ada
A13: ADRIAN ROMADONI | B13: 2538829 | C13: =IF(COUNTIF(Sheet1!B:B,B13)=0,"Data Baru","Sudah Ada") -> Sudah Ada
... A175: ZAINUL FIKRI | B175: 1222987 | C175: =IF(COUNTIF(Sheet1!B:B,B175)=0,"Data Baru","Sudah Ada") -> Sudah Ada
